{
  "format": "isopack-2-unibuild",
  "declaredExports": [
    {
      "name": "Blaze",
      "testOnly": false
    },
    {
      "name": "UI",
      "testOnly": false
    },
    {
      "name": "Handlebars",
      "testOnly": false
    }
  ],
  "uses": [
    {
      "package": "meteor"
    },
    {
      "package": "jquery",
      "constraint": "1.11.9"
    },
    {
      "package": "tracker",
      "constraint": "1.1.0"
    },
    {
      "package": "check",
      "constraint": "1.2.3"
    },
    {
      "package": "underscore",
      "constraint": "1.0.9"
    },
    {
      "package": "observe-sequence",
      "constraint": "1.0.12"
    },
    {
      "package": "reactive-var",
      "constraint": "1.0.10"
    },
    {
      "package": "ordered-dict",
      "constraint": "1.0.9"
    },
    {
      "package": "htmljs",
      "constraint": "1.0.11"
    }
  ],
  "implies": [
    {
      "package": "htmljs",
      "constraint": "1.0.11"
    }
  ],
  "resources": [
    {
      "type": "source",
      "extension": "js",
      "file": "os/preamble.js",
      "length": 1531,
      "offset": 0,
      "usesDefaultSourceProcessor": true,
      "path": "preamble.js",
      "hash": "39b0232323d372e68ca72cf74b6158dc178341f9",
      "fileOptions": {}
    },
    {
      "type": "source",
      "extension": "js",
      "file": "os/exceptions.js",
      "length": 1625,
      "offset": 0,
      "usesDefaultSourceProcessor": true,
      "path": "exceptions.js",
      "hash": "b10f429ef06fb26519caa86c0fc526db67f395c7",
      "fileOptions": {}
    },
    {
      "type": "source",
      "extension": "js",
      "file": "os/view.js",
      "length": 32056,
      "offset": 0,
      "usesDefaultSourceProcessor": true,
      "path": "view.js",
      "hash": "7ab2c1f3b4b5a709ebcf911d918495e15db5ca2f",
      "fileOptions": {}
    },
    {
      "type": "source",
      "extension": "js",
      "file": "os/builtins.js",
      "length": 12748,
      "offset": 0,
      "usesDefaultSourceProcessor": true,
      "path": "builtins.js",
      "hash": "be72054ccadf0e5850605982bc60a132a48c3ea1",
      "fileOptions": {}
    },
    {
      "type": "source",
      "extension": "js",
      "file": "os/lookup.js",
      "length": 7465,
      "offset": 0,
      "usesDefaultSourceProcessor": true,
      "path": "lookup.js",
      "hash": "f19f56309240750f5949fb6108cf9f95467ecf67",
      "fileOptions": {}
    },
    {
      "type": "source",
      "extension": "js",
      "file": "os/template.js",
      "length": 17913,
      "offset": 0,
      "usesDefaultSourceProcessor": true,
      "path": "template.js",
      "hash": "ba3977b9fdffd3aa446fdb4d8afaabedebff303a",
      "fileOptions": {}
    },
    {
      "type": "source",
      "extension": "js",
      "file": "os/backcompat.js",
      "length": 466,
      "offset": 0,
      "usesDefaultSourceProcessor": true,
      "path": "backcompat.js",
      "hash": "9cc3f3b275bf122537482e7fb9c57c6b2173e243",
      "fileOptions": {}
    }
  ]
}