{
  "name": "blaze-html-templates",
  "summary": "Compile HTML templates into reactive UI with Meteor Blaze",
  "version": "1.1.2",
  "isTest": false,
  "plugins": [],
  "unibuilds": [
    {
      "kind": "main",
      "arch": "os",
      "path": "os-legacy.json"
    },
    {
      "kind": "main",
      "arch": "web.browser",
      "path": "web.browser-legacy.json"
    },
    {
      "kind": "main",
      "arch": "web.cordova",
      "path": "web.cordova-legacy.json"
    }
  ],
  "format": "unipackage-pre2"
}