{
  "isopack-2": {
    "name": "blaze-tools",
    "summary": "Compile-time tools for Blaze",
    "version": "1.0.10",
    "isTest": false,
    "builds": [
      {
        "kind": "main",
        "arch": "os",
        "path": "os.json"
      },
      {
        "kind": "main",
        "arch": "web.browser",
        "path": "web.browser.json"
      },
      {
        "kind": "main",
        "arch": "web.cordova",
        "path": "web.cordova.json"
      }
    ],
    "plugins": []
  },
  "isopack-1": {
    "name": "blaze-tools",
    "summary": "Compile-time tools for Blaze",
    "version": "1.0.10",
    "isTest": false,
    "builds": [
      {
        "kind": "main",
        "arch": "os",
        "path": "os-legacy.json"
      },
      {
        "kind": "main",
        "arch": "web.browser",
        "path": "web.browser-legacy.json"
      },
      {
        "kind": "main",
        "arch": "web.cordova",
        "path": "web.cordova-legacy.json"
      }
    ],
    "plugins": []
  }
}